idna_subject,checker_type,destination,tested_at
012.2o7.net,AVAILABILITY,origin.list,2021-01-13 20:30:09.615198
02y7m1at09.mentalist.kameleoon.com,AVAILABILITY,origin.list,2021-01-13 20:31:00.681387
048-hld-130.mktoresp.com,AVAILABILITY,origin.list,2021-01-13 20:31:38.957840
0o4vyd7cqp.mentalist.kameleoon.com,AVAILABILITY,origin.list,2021-01-13 20:36:33.677534
0qkt6um309.mentalist.kameleoon.com,AVAILABILITY,origin.list,2021-01-13 20:36:39.723354
0sfzz.ouasflpydty21tf.bapb.gdn,AVAILABILITY,origin.list,2021-01-13 20:36:47.474511
10034.engine.mobileapptracking.com,AVAILABILITY,origin.list,2021-01-13 20:37:07.657946
10112.engine.mobileapptracking.com,AVAILABILITY,origin.list,2021-01-13 20:37:22.747346
10284.engine.mobileapptracking.com,AVAILABILITY,origin.list,2021-01-13 20:38:03.612254
10306.engine.mobileapptracking.com,AVAILABILITY,origin.list,2021-01-13 20:38:09.647676
10310.engine.mobileapptracking.com,AVAILABILITY,origin.list,2021-01-13 20:38:15.739350
10468.engine.mobileapptracking.com,AVAILABILITY,origin.list,2021-01-13 20:38:38.793973
1061.engine.mobileapptracking.com,AVAILABILITY,origin.list,2021-01-13 20:38:58.193461
10624.engine.mobileapptracking.com,AVAILABILITY,origin.list,2021-01-13 20:39:04.289635
10680.engine.mobileapptracking.com,AVAILABILITY,origin.list,2021-01-13 20:39:18.770063
10684.engine.mobileapptracking.com,AVAILABILITY,origin.list,2021-01-13 20:39:24.784583
10706.engine.mobileapptracking.com,AVAILABILITY,origin.list,2021-01-13 20:39:30.878631
10712.engine.mobileapptracking.com,AVAILABILITY,origin.list,2021-01-13 20:39:36.896901
10744.engine.mobileapptracking.com,AVAILABILITY,origin.list,2021-01-13 20:39:47.663008
1075.engine.mobileapptracking.com,AVAILABILITY,origin.list,2021-01-13 20:39:53.661797
10764.engine.mobileapptracking.com,AVAILABILITY,origin.list,2021-01-13 20:39:59.656447
10776.engine.mobileapptracking.com,AVAILABILITY,origin.list,2021-01-13 20:40:05.918979
10806.engine.mobileapptracking.com,AVAILABILITY,origin.list,2021-01-13 20:40:31.017952
10930.engine.mobileapptracking.com,AVAILABILITY,origin.list,2021-01-13 20:40:45.525228
10944.engine.mobileapptracking.com,AVAILABILITY,origin.list,2021-01-13 20:40:51.590587
11030.engine.mobileapptracking.com,AVAILABILITY,origin.list,2021-01-13 20:41:43.163864
11126.engine.mobileapptracking.com,AVAILABILITY,origin.list,2021-01-13 20:41:57.608013
11184.engine.mobileapptracking.com,AVAILABILITY,origin.list,2021-01-13 20:42:03.658626
111.onthe.io,AVAILABILITY,origin.list,2021-01-13 20:42:13.771313
11262.engine.mobileapptracking.com,AVAILABILITY,origin.list,2021-01-13 20:42:29.282201
11430.engine.mobileapptracking.com,AVAILABILITY,origin.list,2021-01-13 20:42:40.096500
115302.engine.mobileapptracking.com,AVAILABILITY,origin.list,2021-01-13 20:42:46.177881
11562.engine.mobileapptracking.com,AVAILABILITY,origin.list,2021-01-13 20:42:52.227525
11576.engine.mobileapptracking.com,AVAILABILITY,origin.list,2021-01-13 20:42:58.229535
11704.engine.mobileapptracking.com,AVAILABILITY,origin.list,2021-01-13 20:43:25.088067
11720.engine.mobileapptracking.com,AVAILABILITY,origin.list,2021-01-13 20:43:35.924755
11722.engine.mobileapptracking.com,AVAILABILITY,origin.list,2021-01-13 20:43:42.024256
11732.engine.mobileapptracking.com,AVAILABILITY,origin.list,2021-01-13 20:43:48.125537
117745.engine.mobileapptracking.com,AVAILABILITY,origin.list,2021-01-13 20:43:57.904823
11872.engine.mobileapptracking.com,AVAILABILITY,origin.list,2021-01-13 20:44:07.690921
11916.engine.mobileapptracking.com,AVAILABILITY,origin.list,2021-01-13 20:44:18.728001
11lmt6lnrr.mentalist.kameleoon.com,AVAILABILITY,origin.list,2021-01-13 20:44:43.701785
12126.engine.mobileapptracking.com,AVAILABILITY,origin.list,2021-01-13 20:44:49.739242
1220047983.world,AVAILABILITY,origin.list,2021-01-13 20:44:56.038824
12240.engine.mobileapptracking.com,AVAILABILITY,origin.list,2021-01-13 20:45:06.796781
12276.engine.mobileapptracking.com,AVAILABILITY,origin.list,2021-01-13 20:45:17.550237
12486.engine.mobileapptracking.com,AVAILABILITY,origin.list,2021-01-13 20:45:49.810336
125000.engine.mobileapptracking.com,AVAILABILITY,origin.list,2021-01-13 20:45:55.855891
12650.engine.mobileapptracking.com,AVAILABILITY,origin.list,2021-01-13 20:46:05.748828
126734-hb.adomik.com,AVAILABILITY,origin.list,2021-01-13 20:46:11.529643
127845-hb.adomik.com,AVAILABILITY,origin.list,2021-01-13 20:46:35.197579
12790.engine.mobileapptracking.com,AVAILABILITY,origin.list,2021-01-13 20:46:41.239449
12846.engine.mobileapptracking.com,AVAILABILITY,origin.list,2021-01-13 20:47:05.325034
13020.engine.mobileapptracking.com,AVAILABILITY,origin.list,2021-01-13 20:47:29.250324
13170.engine.mobileapptracking.com,AVAILABILITY,origin.list,2021-01-13 20:47:42.860816
13194.engine.mobileapptracking.com,AVAILABILITY,origin.list,2021-01-13 20:47:52.632361
13270.engine.mobileapptracking.com,AVAILABILITY,origin.list,2021-01-13 20:48:15.820054
13306.engine.mobileapptracking.com,AVAILABILITY,origin.list,2021-01-13 20:48:26.653540
13340.engine.mobileapptracking.com,AVAILABILITY,origin.list,2021-01-13 20:48:32.706438
13434.engine.mobileapptracking.com,AVAILABILITY,origin.list,2021-01-14 00:59:47.978036
13464.engine.mobileapptracking.com,AVAILABILITY,origin.list,2021-01-14 00:59:54.097127
13570.engine.mobileapptracking.com,AVAILABILITY,origin.list,2021-01-14 01:00:12.977521
13700.engine.mobileapptracking.com,AVAILABILITY,origin.list,2021-01-14 01:00:31.512414
1375.engine.mobileapptracking.com,AVAILABILITY,origin.list,2021-01-14 01:00:42.390706
13770.engine.mobileapptracking.com,AVAILABILITY,origin.list,2021-01-14 01:00:48.452777
13784.engine.mobileapptracking.com,AVAILABILITY,origin.list,2021-01-14 01:00:54.565618
13874.engine.mobileapptracking.com,AVAILABILITY,origin.list,2021-01-14 01:01:05.317208
14056.engine.mobileapptracking.com,AVAILABILITY,origin.list,2021-01-14 01:01:43.194697
14062.engine.mobileapptracking.com,AVAILABILITY,origin.list,2021-01-14 01:01:49.261119
14082.engine.mobileapptracking.com,AVAILABILITY,origin.list,2021-01-14 01:01:55.470338
14212.engine.mobileapptracking.com,AVAILABILITY,origin.list,2021-01-14 01:02:17.801413
142376-hb.adomik.com,AVAILABILITY,origin.list,2021-01-14 01:02:23.535615
14360.engine.mobileapptracking.com,AVAILABILITY,origin.list,2021-01-14 04:49:38.943691
143612.engine.mobileapptracking.com,AVAILABILITY,origin.list,2021-01-14 04:49:44.993600
14460.engine.mobileapptracking.com,AVAILABILITY,origin.list,2021-01-14 16:50:47.323881
1111.admitad.com,AVAILABILITY,origin.list,2021-07-04 03:05:53.028014
1462b.v.fwmrm.net,AVAILABILITY,origin.list,2021-07-04 03:23:22.358661
14640.engine.mobileapptracking.com,AVAILABILITY,origin.list,2021-07-04 03:23:28.923320
14642.engine.mobileapptracking.com,AVAILABILITY,origin.list,2021-07-04 03:23:41.187842
14716.engine.mobileapptracking.com,AVAILABILITY,origin.list,2021-07-04 03:23:47.801635
14830.engine.mobileapptracking.com,AVAILABILITY,origin.list,2021-07-04 03:23:58.039711
15266.engine.mobileapptracking.com,AVAILABILITY,origin.list,2021-07-04 03:24:53.460561
15292.engine.mobileapptracking.com,AVAILABILITY,origin.list,2021-07-04 03:25:00.001679
15296.engine.mobileapptracking.com,AVAILABILITY,origin.list,2021-07-04 03:25:06.474161
15390.engine.mobileapptracking.com,AVAILABILITY,origin.list,2021-07-04 03:25:18.758487
15416.engine.mobileapptracking.com,AVAILABILITY,origin.list,2021-07-04 03:25:37.995225
15424.engine.mobileapptracking.com,AVAILABILITY,origin.list,2021-07-04 03:25:48.870168
1546a.s.fwmrm.net,AVAILABILITY,origin.list,2021-07-04 03:25:55.392686
1546a.v.fwmrm.net,AVAILABILITY,origin.list,2021-07-04 03:26:01.785169
15476.engine.mobileapptracking.com,AVAILABILITY,origin.list,2021-07-04 03:26:08.330566
15520.engine.mobileapptracking.com,AVAILABILITY,origin.list,2021-07-04 03:26:24.820233
15634.engine.mobileapptracking.com,AVAILABILITY,origin.list,2021-07-04 03:26:49.537684
156396.engine.mobileapptracking.com,AVAILABILITY,origin.list,2021-07-04 03:26:56.016148
156654.engine.mobileapptracking.com,AVAILABILITY,origin.list,2021-07-04 03:27:02.490248
156846.engine.mobileapptracking.com,AVAILABILITY,origin.list,2021-07-04 03:27:18.608192
156950.engine.mobileapptracking.com,AVAILABILITY,origin.list,2021-07-04 03:27:25.148679
157816.engine.mobileapptracking.com,AVAILABILITY,origin.list,2021-07-04 03:27:31.650775
158242.engine.mobileapptracking.com,AVAILABILITY,origin.list,2021-07-04 03:27:55.590769
15836.engine.mobileapptracking.com,AVAILABILITY,origin.list,2021-07-04 03:28:02.069037
159016.engine.mobileapptracking.com,AVAILABILITY,origin.list,2021-07-04 03:28:12.332677
159070.engine.mobileapptracking.com,AVAILABILITY,origin.list,2021-07-04 03:28:18.885687
159356.engine.mobileapptracking.com,AVAILABILITY,origin.list,2021-07-04 03:28:35.130380
159482.engine.mobileapptracking.com,AVAILABILITY,origin.list,2021-07-04 03:28:41.615270
160226.engine.mobileapptracking.com,AVAILABILITY,origin.list,2021-07-04 03:29:07.129786
16052.engine.mobileapptracking.com,AVAILABILITY,origin.list,2021-07-04 03:29:13.630176
160906.engine.mobileapptracking.com,AVAILABILITY,origin.list,2021-07-04 03:29:20.080438
160934.engine.mobileapptracking.com,AVAILABILITY,origin.list,2021-07-04 03:29:30.877948
161154.engine.mobileapptracking.com,AVAILABILITY,origin.list,2021-07-04 03:29:52.047456
16130.engine.mobileapptracking.com,AVAILABILITY,origin.list,2021-07-04 03:30:02.850414
16136.engine.mobileapptracking.com,AVAILABILITY,origin.list,2021-07-04 03:30:09.292072
161434.engine.mobileapptracking.com,AVAILABILITY,origin.list,2021-07-04 03:30:15.797791
161454.engine.mobileapptracking.com,AVAILABILITY,origin.list,2021-07-04 03:30:22.292248
161800.engine.mobileapptracking.com,AVAILABILITY,origin.list,2021-07-04 03:30:28.813208
162102.engine.mobileapptracking.com,AVAILABILITY,origin.list,2021-07-04 03:30:40.098031
162140.engine.mobileapptracking.com,AVAILABILITY,origin.list,2021-07-04 03:30:50.534647
162402.engine.mobileapptracking.com,AVAILABILITY,origin.list,2021-07-04 03:30:57.015744
162924.engine.mobileapptracking.com,AVAILABILITY,origin.list,2021-07-04 03:31:12.165364
16294.engine.mobileapptracking.com,AVAILABILITY,origin.list,2021-07-04 03:31:18.711523
163056.engine.mobileapptracking.com,AVAILABILITY,origin.list,2021-07-04 03:31:29.034934
163386.engine.mobileapptracking.com,AVAILABILITY,origin.list,2021-07-04 03:31:39.826342
163520.engine.mobileapptracking.com,AVAILABILITY,origin.list,2021-07-04 03:31:50.657423
163572.engine.mobileapptracking.com,AVAILABILITY,origin.list,2021-07-04 03:31:57.119761
163920.engine.mobileapptracking.com,AVAILABILITY,origin.list,2021-07-04 03:32:08.155262
16400.engine.mobileapptracking.com,AVAILABILITY,origin.list,2021-07-04 03:32:18.451700
164426.engine.mobileapptracking.com,AVAILABILITY,origin.list,2021-07-04 03:32:29.327709
164496.engine.mobileapptracking.com,AVAILABILITY,origin.list,2021-07-04 03:32:35.879803
16450.engine.mobileapptracking.com,AVAILABILITY,origin.list,2021-07-04 03:32:42.389339
164772.engine.mobileapptracking.com,AVAILABILITY,origin.list,2021-07-04 03:32:49.080110
164922.engine.mobileapptracking.com,AVAILABILITY,origin.list,2021-07-04 03:32:55.630399
164936.engine.mobileapptracking.com,AVAILABILITY,origin.list,2021-07-04 03:33:02.260321
16502.engine.mobileapptracking.com,AVAILABILITY,origin.list,2021-07-04 03:33:12.538409
165106.engine.mobileapptracking.com,AVAILABILITY,origin.list,2021-07-04 03:33:19.064102
16522.engine.mobileapptracking.com,AVAILABILITY,origin.list,2021-07-04 03:33:29.973278
165298-hb.adomik.com,AVAILABILITY,origin.list,2021-07-04 03:33:36.056897
165604.engine.mobileapptracking.com,AVAILABILITY,origin.list,2021-07-04 03:33:51.186007
16562.engine.mobileapptracking.com,AVAILABILITY,origin.list,2021-07-04 03:33:57.735225
165786.engine.mobileapptracking.com,AVAILABILITY,origin.list,2021-07-04 03:34:11.063434
165a4.v.fwmrm.net,AVAILABILITY,origin.list,2021-07-04 03:34:17.526752
165a7.v.fwmrm.net,AVAILABILITY,origin.list,2021-07-04 03:34:23.941879
166050.engine.mobileapptracking.com,AVAILABILITY,origin.list,2021-07-04 03:34:30.523294
166310.engine.mobileapptracking.com,AVAILABILITY,origin.list,2021-07-04 03:34:37.152575
166496.engine.mobileapptracking.com,AVAILABILITY,origin.list,2021-07-04 03:49:53.216903
166650.engine.mobileapptracking.com,AVAILABILITY,origin.list,2021-07-04 03:50:03.801876
1666.engine.mobileapptracking.com,AVAILABILITY,origin.list,2021-07-04 03:50:10.223190
16704.engine.mobileapptracking.com,AVAILABILITY,origin.list,2021-07-04 03:50:33.227287
167154.engine.mobileapptracking.com,AVAILABILITY,origin.list,2021-07-04 03:50:44.898015
1671.engine.mobileapptracking.com,AVAILABILITY,origin.list,2021-07-04 03:50:51.168365
167654.engine.mobileapptracking.com,AVAILABILITY,origin.list,2021-07-04 03:50:57.476783
16772.engine.mobileapptracking.com,AVAILABILITY,origin.list,2021-07-04 03:51:03.851683
168080.engine.mobileapptracking.com,AVAILABILITY,origin.list,2021-07-04 03:51:13.802641
16850.engine.mobileapptracking.com,AVAILABILITY,origin.list,2021-07-04 03:51:29.580782
16852.engine.mobileapptracking.com,AVAILABILITY,origin.list,2021-07-04 03:51:35.964694
169282.engine.mobileapptracking.com,AVAILABILITY,origin.list,2021-07-04 03:51:52.833881
169316.engine.mobileapptracking.com,AVAILABILITY,origin.list,2021-07-04 03:51:59.126310
16932.engine.mobileapptracking.com,AVAILABILITY,origin.list,2021-07-04 03:52:05.524927
1693.engine.mobileapptracking.com,AVAILABILITY,origin.list,2021-07-04 03:52:11.799573
169452.engine.mobileapptracking.com,AVAILABILITY,origin.list,2021-07-04 03:52:18.102979
169566.engine.mobileapptracking.com,AVAILABILITY,origin.list,2021-07-04 03:52:24.503591
169860.engine.mobileapptracking.com,AVAILABILITY,origin.list,2021-07-04 03:52:40.400734
16986.engine.mobileapptracking.com,AVAILABILITY,origin.list,2021-07-04 03:52:46.669012
16dcc.v.fwmrm.net,AVAILABILITY,origin.list,2021-07-04 03:52:57.151346
17014.engine.mobileapptracking.com,AVAILABILITY,origin.list,2021-07-04 03:53:16.831541
17058.engine.mobileapptracking.com,AVAILABILITY,origin.list,2021-07-04 03:53:36.740037
170672.engine.mobileapptracking.com,AVAILABILITY,origin.list,2021-07-04 03:53:43.065509
17072.engine.mobileapptracking.com,AVAILABILITY,origin.list,2021-07-04 03:53:49.317547
170770.engine.mobileapptracking.com,AVAILABILITY,origin.list,2021-07-04 03:53:55.738401
171630.engine.mobileapptracking.com,AVAILABILITY,origin.list,2021-07-04 03:54:36.443686
171910.engine.mobileapptracking.com,AVAILABILITY,origin.list,2021-07-04 03:54:42.821172
171934.engine.mobileapptracking.com,AVAILABILITY,origin.list,2021-07-04 03:54:49.152149
17206.engine.mobileapptracking.com,AVAILABILITY,origin.list,2021-07-04 03:54:59.117189
172960.engine.mobileapptracking.com,AVAILABILITY,origin.list,2021-07-04 03:55:05.459707
173002.engine.mobileapptracking.com,AVAILABILITY,origin.list,2021-07-04 03:55:15.563455
173094.engine.mobileapptracking.com,AVAILABILITY,origin.list,2021-07-04 03:55:21.827207
173394.engine.mobileapptracking.com,AVAILABILITY,origin.list,2021-07-04 03:55:28.170899
17340.engine.mobileapptracking.com,AVAILABILITY,origin.list,2021-07-04 03:55:38.767078
173464.engine.mobileapptracking.com,AVAILABILITY,origin.list,2021-07-04 03:55:45.113811
1735.engine.mobileapptracking.com,AVAILABILITY,origin.list,2021-07-04 03:55:51.410848
174092.engine.mobileapptracking.com,AVAILABILITY,origin.list,2021-07-04 03:56:15.159730
174246.engine.mobileapptracking.com,AVAILABILITY,origin.list,2021-07-04 03:56:25.747881
174252.engine.mobileapptracking.com,AVAILABILITY,origin.list,2021-07-04 03:56:32.213045
174370.engine.mobileapptracking.com,AVAILABILITY,origin.list,2021-07-04 03:56:38.535992
174380.engine.mobileapptracking.com,AVAILABILITY,origin.list,2021-07-04 03:56:44.902547
17450.engine.mobileapptracking.com,AVAILABILITY,origin.list,2021-07-04 03:56:51.245306
174674.engine.mobileapptracking.com,AVAILABILITY,origin.list,2021-07-04 03:56:57.559145
174926.engine.mobileapptracking.com,AVAILABILITY,origin.list,2021-07-04 03:57:03.896201
174954.engine.mobileapptracking.com,AVAILABILITY,origin.list,2021-07-04 03:57:10.097517
174982.engine.mobileapptracking.com,AVAILABILITY,origin.list,2021-07-04 03:57:16.483038
175062.engine.mobileapptracking.com,AVAILABILITY,origin.list,2021-07-04 03:57:26.921960
17560.engine.mobileapptracking.com,AVAILABILITY,origin.list,2021-07-04 03:57:33.191399
176090.engine.mobileapptracking.com,AVAILABILITY,origin.list,2021-07-04 03:57:43.694857
176232.engine.mobileapptracking.com,AVAILABILITY,origin.list,2021-07-04 03:57:49.970873
176352.engine.mobileapptracking.com,AVAILABILITY,origin.list,2021-07-04 03:58:05.543530
176574.engine.mobileapptracking.com,AVAILABILITY,origin.list,2021-07-04 03:58:11.840817
177034.engine.mobileapptracking.com,AVAILABILITY,origin.list,2021-07-04 03:58:26.703002
177184.engine.mobileapptracking.com,AVAILABILITY,origin.list,2021-07-04 03:58:33.076764
177242.engine.mobileapptracking.com,AVAILABILITY,origin.list,2021-07-04 03:58:39.380129
177484.engine.mobileapptracking.com,AVAILABILITY,origin.list,2021-07-04 03:58:49.895660
177614.engine.mobileapptracking.com,AVAILABILITY,origin.list,2021-07-04 03:58:56.234832
17764.engine.mobileapptracking.com,AVAILABILITY,origin.list,2021-07-04 03:59:02.539205
178026.engine.mobileapptracking.com,AVAILABILITY,origin.list,2021-07-04 03:59:13.540326
178852.engine.mobileapptracking.com,AVAILABILITY,origin.list,2021-07-04 04:00:03.448604
17894.engine.mobileapptracking.com,AVAILABILITY,origin.list,2021-07-04 04:00:18.242672
179002.engine.mobileapptracking.com,AVAILABILITY,origin.list,2021-07-04 04:00:28.693737
179082.engine.mobileapptracking.com,AVAILABILITY,origin.list,2021-07-04 04:00:39.191665
179240.engine.mobileapptracking.com,AVAILABILITY,origin.list,2021-07-04 04:00:45.459408
17954.engine.mobileapptracking.com,AVAILABILITY,origin.list,2021-07-04 04:00:55.968737
179732.engine.mobileapptracking.com,AVAILABILITY,origin.list,2021-07-04 04:01:02.246406
179742.engine.mobileapptracking.com,AVAILABILITY,origin.list,2021-07-04 04:01:08.525433
1803.engine.mobileapptracking.com,AVAILABILITY,origin.list,2021-07-04 04:01:45.111022
18082.engine.mobileapptracking.com,AVAILABILITY,origin.list,2021-07-04 04:02:11.268207
182496.engine.mobileapptracking.com,AVAILABILITY,origin.list,2021-07-04 04:02:54.729131
182592.engine.mobileapptracking.com,AVAILABILITY,origin.list,2021-07-04 04:03:04.877249
18314.engine.mobileapptracking.com,AVAILABILITY,origin.list,2021-07-04 04:03:19.203025
18324.engine.mobileapptracking.com,AVAILABILITY,origin.list,2021-07-04 04:03:25.526617
18326.engine.mobileapptracking.com,AVAILABILITY,origin.list,2021-07-04 04:03:31.777645
18332.engine.mobileapptracking.com,AVAILABILITY,origin.list,2021-07-04 04:03:38.066987
1835.engine.mobileapptracking.com,AVAILABILITY,origin.list,2021-07-04 04:03:48.469815
18372.engine.mobileapptracking.com,AVAILABILITY,origin.list,2021-07-04 04:04:04.244684
18422.engine.mobileapptracking.com,AVAILABILITY,origin.list,2021-07-04 04:04:14.224480
184306.engine.mobileapptracking.com,AVAILABILITY,origin.list,2021-07-04 04:04:24.744064
184-euo-350.mktoresp.com,AVAILABILITY,origin.list,2021-07-04 04:04:53.327488
185052.engine.mobileapptracking.com,AVAILABILITY,origin.list,2021-07-04 04:04:59.649231
18532.engine.mobileapptracking.com,AVAILABILITY,origin.list,2021-07-04 04:05:06.005064
185862.engine.mobileapptracking.com,AVAILABILITY,origin.list,2021-07-04 04:05:22.881634
18604.engine.mobileapptracking.com,AVAILABILITY,origin.list,2021-07-04 04:05:33.465905
186184.engine.mobileapptracking.com,AVAILABILITY,origin.list,2021-07-04 04:05:39.830556
18636.engine.mobileapptracking.com,AVAILABILITY,origin.list,2021-07-04 04:16:35.201263
186554.engine.mobileapptracking.com,AVAILABILITY,origin.list,2021-07-04 04:16:41.792578
186576.engine.mobileapptracking.com,AVAILABILITY,origin.list,2021-07-04 04:16:48.429987
186650.engine.mobileapptracking.com,AVAILABILITY,origin.list,2021-07-04 04:16:59.500229
186770.engine.mobileapptracking.com,AVAILABILITY,origin.list,2021-07-04 04:17:06.022485
187006.engine.mobileapptracking.com,AVAILABILITY,origin.list,2021-07-04 04:17:22.630621
18714.engine.mobileapptracking.com,AVAILABILITY,origin.list,2021-07-04 04:17:29.149182
18716.engine.mobileapptracking.com,AVAILABILITY,origin.list,2021-07-04 04:17:35.695736
187712.engine.mobileapptracking.com,AVAILABILITY,origin.list,2021-07-04 04:17:47.730906
187816.engine.mobileapptracking.com,AVAILABILITY,origin.list,2021-07-04 04:17:54.207166
18802.engine.mobileapptracking.com,AVAILABILITY,origin.list,2021-07-04 04:18:00.773321
18806.engine.mobileapptracking.com,AVAILABILITY,origin.list,2021-07-04 04:18:11.549076
188370.engine.mobileapptracking.com,AVAILABILITY,origin.list,2021-07-04 04:18:18.024321
188532.engine.mobileapptracking.com,AVAILABILITY,origin.list,2021-07-04 04:18:24.563567
188684.engine.mobileapptracking.com,AVAILABILITY,origin.list,2021-07-04 04:18:35.418451
188746.engine.mobileapptracking.com,AVAILABILITY,origin.list,2021-07-04 04:18:41.973982
188820.engine.mobileapptracking.com,AVAILABILITY,origin.list,2021-07-04 04:18:48.488770
189016.engine.mobileapptracking.com,AVAILABILITY,origin.list,2021-07-04 04:19:03.285633
189062.engine.mobileapptracking.com,AVAILABILITY,origin.list,2021-07-04 04:19:15.385399
189100.engine.mobileapptracking.com,AVAILABILITY,origin.list,2021-07-04 04:19:27.375594
189142.engine.mobileapptracking.com,AVAILABILITY,origin.list,2021-07-04 04:19:38.183195
189204.engine.mobileapptracking.com,AVAILABILITY,origin.list,2021-07-04 04:19:54.405241
189406.engine.mobileapptracking.com,AVAILABILITY,origin.list,2021-07-04 04:20:16.025302
189454.engine.mobileapptracking.com,AVAILABILITY,origin.list,2021-07-04 04:20:22.566534
189464.engine.mobileapptracking.com,AVAILABILITY,origin.list,2021-07-04 04:20:29.045975
189472.engine.mobileapptracking.com,AVAILABILITY,origin.list,2021-07-04 04:20:35.625646
189474.engine.mobileapptracking.com,AVAILABILITY,origin.list,2021-07-04 04:20:42.103805
189494.engine.mobileapptracking.com,AVAILABILITY,origin.list,2021-07-04 04:20:48.627861
189500.engine.mobileapptracking.com,AVAILABILITY,origin.list,2021-07-04 04:20:55.192818
189570.engine.mobileapptracking.com,AVAILABILITY,origin.list,2021-07-04 04:21:07.304423
189572.engine.mobileapptracking.com,AVAILABILITY,origin.list,2021-07-04 04:21:13.861861
189628.engine.mobileapptracking.com,AVAILABILITY,origin.list,2021-07-04 04:21:20.407225
189636.engine.mobileapptracking.com,AVAILABILITY,origin.list,2021-07-04 04:21:32.508793
189650.engine.mobileapptracking.com,AVAILABILITY,origin.list,2021-07-04 04:21:43.255049
189674.engine.mobileapptracking.com,AVAILABILITY,origin.list,2021-07-04 04:21:49.743516
189698.engine.mobileapptracking.com,AVAILABILITY,origin.list,2021-07-04 04:21:56.222571
189704.engine.mobileapptracking.com,AVAILABILITY,origin.list,2021-07-04 04:22:02.718075
189732.engine.mobileapptracking.com,AVAILABILITY,origin.list,2021-07-04 04:22:14.670937
189742.engine.mobileapptracking.com,AVAILABILITY,origin.list,2021-07-04 04:22:21.154900
189744.engine.mobileapptracking.com,AVAILABILITY,origin.list,2021-07-04 04:22:27.657793
189770.engine.mobileapptracking.com,AVAILABILITY,origin.list,2021-07-04 04:22:34.220251
189774.engine.mobileapptracking.com,AVAILABILITY,origin.list,2021-07-04 04:22:40.765538
189812.engine.mobileapptracking.com,AVAILABILITY,origin.list,2021-07-04 04:22:47.255924
189862.engine.mobileapptracking.com,AVAILABILITY,origin.list,2021-07-04 04:22:59.250087
189872.engine.mobileapptracking.com,AVAILABILITY,origin.list,2021-07-04 04:23:05.831282
189904.engine.mobileapptracking.com,AVAILABILITY,origin.list,2021-07-04 04:23:12.314923
189925.engine.mobileapptracking.com,AVAILABILITY,origin.list,2021-07-04 04:23:18.864578
189971.engine.mobileapptracking.com,AVAILABILITY,origin.list,2021-07-04 04:23:25.395991
190087.engine.mobileapptracking.com,AVAILABILITY,origin.list,2021-07-04 04:24:04.367185
190093.engine.mobileapptracking.com,AVAILABILITY,origin.list,2021-07-04 04:24:10.855859
190157.engine.mobileapptracking.com,AVAILABILITY,origin.list,2021-07-04 04:24:28.167239
190161.engine.mobileapptracking.com,AVAILABILITY,origin.list,2021-07-04 04:24:34.725728
190201.engine.mobileapptracking.com,AVAILABILITY,origin.list,2021-07-04 04:24:41.202198
19022.engine.mobileapptracking.com,AVAILABILITY,origin.list,2021-07-04 04:24:53.199979
190241.engine.mobileapptracking.com,AVAILABILITY,origin.list,2021-07-04 04:24:59.762437
19024.engine.mobileapptracking.com,AVAILABILITY,origin.list,2021-07-04 04:25:06.233630
190421.engine.mobileapptracking.com,AVAILABILITY,origin.list,2021-07-04 04:25:23.622853
190473.engine.mobileapptracking.com,AVAILABILITY,origin.list,2021-07-04 04:25:30.122576
190519.engine.mobileapptracking.com,AVAILABILITY,origin.list,2021-07-04 04:25:40.965115
190521.engine.mobileapptracking.com,AVAILABILITY,origin.list,2021-07-04 04:25:47.469691
190571.engine.mobileapptracking.com,AVAILABILITY,origin.list,2021-07-04 04:25:53.881031
190691.engine.mobileapptracking.com,AVAILABILITY,origin.list,2021-07-04 04:26:00.394188
190723.engine.mobileapptracking.com,AVAILABILITY,origin.list,2021-07-04 04:26:06.854773
190725.engine.mobileapptracking.com,AVAILABILITY,origin.list,2021-07-04 04:26:13.358772
190733.engine.mobileapptracking.com,AVAILABILITY,origin.list,2021-07-04 04:26:20.024426
190743.engine.mobileapptracking.com,AVAILABILITY,origin.list,2021-07-04 04:26:26.564022
190781.engine.mobileapptracking.com,AVAILABILITY,origin.list,2021-07-04 04:26:33.143518
190823.engine.mobileapptracking.com,AVAILABILITY,origin.list,2021-07-04 04:26:44.901273
190881.engine.mobileapptracking.com,AVAILABILITY,origin.list,2021-07-04 04:26:56.810320
190963.engine.mobileapptracking.com,AVAILABILITY,origin.list,2021-07-04 04:27:03.301854
190993.engine.mobileapptracking.com,AVAILABILITY,origin.list,2021-07-04 04:27:09.845248
191031.engine.mobileapptracking.com,AVAILABILITY,origin.list,2021-07-04 04:27:16.476450
191091.engine.mobileapptracking.com,AVAILABILITY,origin.list,2021-07-04 04:27:23.098021
191145.engine.mobileapptracking.com,AVAILABILITY,origin.list,2021-07-04 04:27:29.638310
191185.engine.mobileapptracking.com,AVAILABILITY,origin.list,2021-07-04 04:27:36.111103
191271.engine.mobileapptracking.com,AVAILABILITY,origin.list,2021-07-04 04:27:42.669617
191293.engine.mobileapptracking.com,AVAILABILITY,origin.list,2021-07-04 04:27:49.280343
191491.engine.mobileapptracking.com,AVAILABILITY,origin.list,2021-07-04 04:28:00.052946
191853.engine.mobileapptracking.com,AVAILABILITY,origin.list,2021-07-04 04:28:16.497528
191945.engine.mobileapptracking.com,AVAILABILITY,origin.list,2021-07-04 04:28:23.060586
192023.engine.mobileapptracking.com,AVAILABILITY,origin.list,2021-07-04 04:28:35.405092
192081.engine.mobileapptracking.com,AVAILABILITY,origin.list,2021-07-04 04:28:41.954360
192183.engine.mobileapptracking.com,AVAILABILITY,origin.list,2021-07-04 04:28:52.977652
192217.engine.mobileapptracking.com,AVAILABILITY,origin.list,2021-07-04 04:28:59.488578
192313.engine.mobileapptracking.com,AVAILABILITY,origin.list,2021-07-04 04:29:10.408427
192325.engine.mobileapptracking.com,AVAILABILITY,origin.list,2021-07-04 04:29:16.927153
192351.engine.mobileapptracking.com,AVAILABILITY,origin.list,2021-07-04 04:29:23.431294
19242.engine.mobileapptracking.com,AVAILABILITY,origin.list,2021-07-04 04:29:29.925036
192473.engine.mobileapptracking.com,AVAILABILITY,origin.list,2021-07-04 04:29:36.401144
192596.engine.mobileapptracking.com,AVAILABILITY,origin.list,2021-07-04 04:29:52.711475
192665.engine.mobileapptracking.com,AVAILABILITY,origin.list,2021-07-04 04:29:59.284788
192681.engine.mobileapptracking.com,AVAILABILITY,origin.list,2021-07-04 04:30:05.839315
192710.engine.mobileapptracking.com,AVAILABILITY,origin.list,2021-07-04 04:30:12.348897
192740.engine.mobileapptracking.com,AVAILABILITY,origin.list,2021-07-04 04:30:18.844585
192834.engine.mobileapptracking.com,AVAILABILITY,origin.list,2021-07-04 04:30:25.354736
192961.engine.mobileapptracking.com,AVAILABILITY,origin.list,2021-07-04 04:30:31.880613
192d6.v.fwmrm.net,AVAILABILITY,origin.list,2021-07-04 04:30:38.448094
193165.engine.mobileapptracking.com,AVAILABILITY,origin.list,2021-07-04 04:31:10.779402
193251.engine.mobileapptracking.com,AVAILABILITY,origin.list,2021-07-04 04:31:17.321476
193285.engine.mobileapptracking.com,AVAILABILITY,origin.list,2021-07-04 04:31:23.982274
193594.engine.mobileapptracking.com,AVAILABILITY,origin.list,2021-07-04 04:31:34.842993
193613.engine.mobileapptracking.com,AVAILABILITY,origin.list,2021-07-04 04:31:41.332827
193641.engine.mobileapptracking.com,AVAILABILITY,origin.list,2021-07-04 04:31:47.855305
19394.engine.mobileapptracking.com,AVAILABILITY,origin.list,2021-07-04 04:31:58.692790
